{
    "name": "root",
    "gauges": {
        "Paddle.Policy.Entropy.mean": {
            "value": 1.4183933734893799,
            "min": 1.4183933734893799,
            "max": 1.4183933734893799,
            "count": 1
        },
        "Paddle.Policy.Entropy.sum": {
            "value": 70959.3828125,
            "min": 70959.3828125,
            "max": 70959.3828125,
            "count": 1
        },
        "Paddle.Environment.EpisodeLength.mean": {
            "value": 80.90819672131147,
            "min": 80.90819672131147,
            "max": 80.90819672131147,
            "count": 1
        },
        "Paddle.Environment.EpisodeLength.sum": {
            "value": 49354.0,
            "min": 49354.0,
            "max": 49354.0,
            "count": 1
        },
        "Paddle.Policy.ExtrinsicValueEstimate.mean": {
            "value": -0.7043120265007019,
            "min": -0.7043120265007019,
            "max": -0.7043120265007019,
            "count": 1
        },
        "Paddle.Policy.ExtrinsicValueEstimate.sum": {
            "value": -685.9999389648438,
            "min": -685.9999389648438,
            "max": -685.9999389648438,
            "count": 1
        },
        "Paddle.Environment.CumulativeReward.mean": {
            "value": 0.5524590163934426,
            "min": 0.5524590163934426,
            "max": 0.5524590163934426,
            "count": 1
        },
        "Paddle.Environment.CumulativeReward.sum": {
            "value": 337.0,
            "min": 337.0,
            "max": 337.0,
            "count": 1
        },
        "Paddle.Policy.ExtrinsicReward.mean": {
            "value": 0.5524590163934426,
            "min": 0.5524590163934426,
            "max": 0.5524590163934426,
            "count": 1
        },
        "Paddle.Policy.ExtrinsicReward.sum": {
            "value": 337.0,
            "min": 337.0,
            "max": 337.0,
            "count": 1
        },
        "Paddle.Losses.PolicyLoss.mean": {
            "value": 0.021321180544327942,
            "min": 0.021321180544327942,
            "max": 0.021321180544327942,
            "count": 1
        },
        "Paddle.Losses.PolicyLoss.sum": {
            "value": 0.08528472217731177,
            "min": 0.08528472217731177,
            "max": 0.08528472217731177,
            "count": 1
        },
        "Paddle.Losses.ValueLoss.mean": {
            "value": 0.7880983411024014,
            "min": 0.7880983411024014,
            "max": 0.7880983411024014,
            "count": 1
        },
        "Paddle.Losses.ValueLoss.sum": {
            "value": 3.1523933644096056,
            "min": 3.1523933644096056,
            "max": 3.1523933644096056,
            "count": 1
        },
        "Paddle.Policy.LearningRate.mean": {
            "value": 0.00028459395513535,
            "min": 0.00028459395513535,
            "max": 0.00028459395513535,
            "count": 1
        },
        "Paddle.Policy.LearningRate.sum": {
            "value": 0.0011383758205414,
            "min": 0.0011383758205414,
            "max": 0.0011383758205414,
            "count": 1
        },
        "Paddle.Policy.Epsilon.mean": {
            "value": 0.19486465000000003,
            "min": 0.19486465000000003,
            "max": 0.19486465000000003,
            "count": 1
        },
        "Paddle.Policy.Epsilon.sum": {
            "value": 0.7794586000000001,
            "min": 0.7794586000000001,
            "max": 0.7794586000000001,
            "count": 1
        },
        "Paddle.Policy.Beta.mean": {
            "value": 0.0047437460349999995,
            "min": 0.0047437460349999995,
            "max": 0.0047437460349999995,
            "count": 1
        },
        "Paddle.Policy.Beta.sum": {
            "value": 0.018974984139999998,
            "min": 0.018974984139999998,
            "max": 0.018974984139999998,
            "count": 1
        },
        "Paddle.IsTraining.mean": {
            "value": 1.0,
            "min": 1.0,
            "max": 1.0,
            "count": 1
        },
        "Paddle.IsTraining.sum": {
            "value": 1.0,
            "min": 1.0,
            "max": 1.0,
            "count": 1
        }
    },
    "metadata": {
        "timer_format_version": "0.1.0",
        "start_time_seconds": "1616954523",
        "python_version": "3.8.7 (tags/v3.8.7:6503f05, Dec 21 2020, 17:59:51) [MSC v.1928 64 bit (AMD64)]",
        "command_line_arguments": "C:\\Users\\willi\\AppData\\Local\\Programs\\Python\\Python38\\Scripts\\mlagents-learn config/trainer_config.yaml --run-id=Pong12",
        "mlagents_version": "0.25.0",
        "mlagents_envs_version": "0.25.0",
        "communication_protocol_version": "1.5.0",
        "pytorch_version": "1.7.0+cu110",
        "numpy_version": "1.18.5",
        "end_time_seconds": "1616955167"
    },
    "total": 644.2037184999999,
    "count": 1,
    "self": 0.006991599999878417,
    "children": {
        "run_training.setup": {
            "total": 0.15860150000000006,
            "count": 1,
            "self": 0.15860150000000006
        },
        "TrainerController.start_learning": {
            "total": 644.0381254,
            "count": 1,
            "self": 2.106543800002214,
            "children": {
                "TrainerController._reset_env": {
                    "total": 9.9752308,
                    "count": 1,
                    "self": 9.9752308
                },
                "TrainerController.advance": {
                    "total": 631.8613278999978,
                    "count": 95527,
                    "self": 0.9233262999841827,
                    "children": {
                        "env_step": {
                            "total": 630.9380016000136,
                            "count": 95527,
                            "self": 431.61622080001337,
                            "children": {
                                "SubprocessEnvManager._take_step": {
                                    "total": 198.2308786999962,
                                    "count": 95527,
                                    "self": 5.6204567000168595,
                                    "children": {
                                        "TorchPolicy.evaluate": {
                                            "total": 192.61042199997934,
                                            "count": 95527,
                                            "self": 80.30023179997679,
                                            "children": {
                                                "TorchPolicy.sample_actions": {
                                                    "total": 112.31019020000255,
                                                    "count": 95527,
                                                    "self": 112.31019020000255
                                                }
                                            }
                                        }
                                    }
                                },
                                "workers": {
                                    "total": 1.09090210000406,
                                    "count": 95526,
                                    "self": 0.0,
                                    "children": {
                                        "worker_root": {
                                            "total": 632.6272990000076,
                                            "count": 95526,
                                            "is_parallel": true,
                                            "self": 285.0979807000073,
                                            "children": {
                                                "steps_from_proto": {
                                                    "total": 0.0002440999999997473,
                                                    "count": 1,
                                                    "is_parallel": true,