{
    "name": "root",
    "gauges": {
        "Paddle.Policy.Entropy.mean": {
            "value": 1.4202803373336792,
            "min": 1.4202803373336792,
            "max": 1.4202803373336792,
            "count": 1
        },
        "Paddle.Policy.Entropy.sum": {
            "value": 71082.1875,
            "min": 71082.1875,
            "max": 71082.1875,
            "count": 1
        },
        "Paddle.Policy.ExtrinsicValueEstimate.mean": {
            "value": -1.5748838186264038,
            "min": -1.5748838186264038,
            "max": -1.5748838186264038,
            "count": 1
        },
        "Paddle.Policy.ExtrinsicValueEstimate.sum": {
            "value": -1229.9842529296875,
            "min": -1229.9842529296875,
            "max": -1229.9842529296875,
            "count": 1
        },
        "Paddle.Losses.PolicyLoss.mean": {
            "value": 0.023485941564043364,
            "min": 0.023485941564043364,
            "max": 0.023485941564043364,
            "count": 1
        },
        "Paddle.Losses.PolicyLoss.sum": {
            "value": 0.09394376625617346,
            "min": 0.09394376625617346,
            "max": 0.09394376625617346,
            "count": 1
        },
        "Paddle.Losses.ValueLoss.mean": {
            "value": 0.30577174238860605,
            "min": 0.30577174238860605,
            "max": 0.30577174238860605,
            "count": 1
        },
        "Paddle.Losses.ValueLoss.sum": {
            "value": 1.2230869695544242,
            "min": 1.2230869695544242,
            "max": 1.2230869695544242,
            "count": 1
        },
        "Paddle.Policy.LearningRate.mean": {
            "value": 0.000284544005152,
            "min": 0.000284544005152,
            "max": 0.000284544005152,
            "count": 1
        },
        "Paddle.Policy.LearningRate.sum": {
            "value": 0.001138176020608,
            "min": 0.001138176020608,
            "max": 0.001138176020608,
            "count": 1
        },
        "Paddle.Policy.Epsilon.mean": {
            "value": 0.19484800000000002,
            "min": 0.19484800000000002,
            "max": 0.19484800000000002,
            "count": 1
        },
        "Paddle.Policy.Epsilon.sum": {
            "value": 0.7793920000000001,
            "min": 0.7793920000000001,
            "max": 0.7793920000000001,
            "count": 1
        },
        "Paddle.Policy.Beta.mean": {
            "value": 0.0047429151999999995,
            "min": 0.0047429151999999995,
            "max": 0.0047429151999999995,
            "count": 1
        },
        "Paddle.Policy.Beta.sum": {
            "value": 0.018971660799999998,
            "min": 0.018971660799999998,
            "max": 0.018971660799999998,
            "count": 1
        },
        "Paddle.IsTraining.mean": {
            "value": 1.0,
            "min": 1.0,
            "max": 1.0,
            "count": 1
        },
        "Paddle.IsTraining.sum": {
            "value": 1.0,
            "min": 1.0,
            "max": 1.0,
            "count": 1
        }
    },
    "metadata": {
        "timer_format_version": "0.1.0",
        "start_time_seconds": "1616953623",
        "python_version": "3.8.7 (tags/v3.8.7:6503f05, Dec 21 2020, 17:59:51) [MSC v.1928 64 bit (AMD64)]",
        "command_line_arguments": "C:\\Users\\willi\\AppData\\Local\\Programs\\Python\\Python38\\Scripts\\mlagents-learn config/trainer_config.yaml --run-id=Pong10",
        "mlagents_version": "0.25.0",
        "mlagents_envs_version": "0.25.0",
        "communication_protocol_version": "1.5.0",
        "pytorch_version": "1.7.0+cu110",
        "numpy_version": "1.18.5",
        "end_time_seconds": "1616953983"
    },
    "total": 359.9713809,
    "count": 1,
    "self": 0.006798799999955918,
    "children": {
        "run_training.setup": {
            "total": 0.1560541999999998,
            "count": 1,
            "self": 0.1560541999999998
        },
        "TrainerController.start_learning": {
            "total": 359.8085279,
            "count": 1,
            "self": 1.1889185999966116,
            "children": {
                "TrainerController._reset_env": {
                    "total": 6.635622799999999,
                    "count": 1,
                    "self": 6.635622799999999
                },
                "TrainerController.advance": {
                    "total": 351.8860867000034,
                    "count": 54451,
                    "self": 0.5356899000065027,
                    "children": {
                        "env_step": {
                            "total": 351.3503967999969,
                            "count": 54451,
                            "self": 234.62154080000653,
                            "children": {
                                "SubprocessEnvManager._take_step": {
                                    "total": 116.0919231999947,
                                    "count": 54451,
                                    "self": 3.2786671999918298,
                                    "children": {
                                        "TorchPolicy.evaluate": {
                                            "total": 112.81325600000287,
                                            "count": 54451,
                                            "self": 46.87450590000721,
                                            "children": {
                                                "TorchPolicy.sample_actions": {
                                                    "total": 65.93875009999566,
                                                    "count": 54451,
                                                    "self": 65.93875009999566
                                                }
                                            }
                                        }
                                    }
                                },
                                "workers": {
                                    "total": 0.6369327999956464,
                                    "count": 54450,
                                    "self": 0.0,
                                    "children": {
                                        "worker_root": {
                                            "total": 352.7347964000013,
                                            "count": 54450,
                                            "is_parallel": true,
                                            "self": 168.11989010000013,
                                            "children": {
                                                "steps_from_proto": {
                                                    "total": 0.00024140000000016926,
                                                    "count": 1,
                                                    "is_parallel": true,
                                                    "self": 9.610000000037644e-05,
                                                    "children": {
                                                        "_process_rank_one_or_two_observation": {
                                                            "total": 0.00014529999999979282,
                                                            "count": 2,
                                                            "is_parallel": true,
                                                            "self": 0.00014529999999979282
                                                        }
                                                    }
                                                },
                                                "UnityEnvironment.step": {
                                                    "total": 184.61466490000117,
                                                    "count": 54450,
                                                    "is_parallel": true,
                                                    "self": 3.04012710000012,