{
    "name": "root",
    "gauges": {
        "Paddle.Policy.Entropy.mean": {
            "value": 1.32676362991333,
            "min": 1.326698899269104,
            "max": 1.3305423259735107,
            "count": 14
        },
        "Paddle.Policy.Entropy.sum": {
            "value": 15824.3095703125,
            "min": 12578.947265625,
            "max": 16196.125,
            "count": 14
        },
        "Paddle.Environment.EpisodeLength.mean": {
            "value": 149.9746835443038,
            "min": 128.69565217391303,
            "max": 161.24324324324326,
            "count": 14
        },
        "Paddle.Environment.EpisodeLength.sum": {
            "value": 11848.0,
            "min": 9386.0,
            "max": 12094.0,
            "count": 14
        },
        "Paddle.Policy.ExtrinsicValueEstimate.mean": {
            "value": 0.5491750240325928,
            "min": 0.531006932258606,
            "max": 0.5819553732872009,
            "count": 14
        },
        "Paddle.Policy.ExtrinsicValueEstimate.sum": {
            "value": 43.38482666015625,
            "min": 38.157386779785156,
            "max": 53.539894104003906,
            "count": 14
        },
        "Paddle.Environment.CumulativeReward.mean": {
            "value": 1.0797468544561653,
            "min": 1.02840910801156,
            "max": 1.0824324547036275,
            "count": 14
        },
        "Paddle.Environment.CumulativeReward.sum": {
            "value": 85.30000150203705,
            "min": 71.60000109672546,
            "max": 96.50000152736902,
            "count": 14
        },
        "Paddle.Policy.ExtrinsicReward.mean": {
            "value": 1.0797468544561653,
            "min": 1.02840910801156,
            "max": 1.0824324547036275,
            "count": 14
        },
        "Paddle.Policy.ExtrinsicReward.sum": {
            "value": 85.30000150203705,
            "min": 71.60000109672546,
            "max": 96.50000152736902,
            "count": 14
        },
        "Paddle.IsTraining.mean": {
            "value": 1.0,
            "min": 1.0,
            "max": 1.0,
            "count": 14
        },
        "Paddle.IsTraining.sum": {
            "value": 1.0,
            "min": 1.0,
            "max": 1.0,
            "count": 14
        },
        "Paddle.Losses.PolicyLoss.mean": {
            "value": 0.09670225742915267,
            "min": 0.09237216084376368,
            "max": 0.10474512156816249,
            "count": 13
        },
        "Paddle.Losses.PolicyLoss.sum": {
            "value": 0.09670225742915267,
            "min": 0.09237216084376368,
            "max": 0.10474512156816249,
            "count": 13
        },
        "Paddle.Losses.ValueLoss.mean": {
            "value": 0.01947052735175011,
            "min": 0.01584007356544597,
            "max": 0.01947052735175011,
            "count": 13
        },
        "Paddle.Losses.ValueLoss.sum": {
            "value": 0.01947052735175011,
            "min": 0.01584007356544597,
            "max": 0.01947052735175011,
            "count": 13
        },
        "Paddle.Policy.LearningRate.mean": {
            "value": 1.6276994574666507e-06,
            "min": 1.6276994574666507e-06,
            "max": 3.067908977366668e-05,
            "count": 13
        },
        "Paddle.Policy.LearningRate.sum": {
            "value": 1.6276994574666507e-06,
            "min": 1.6276994574666507e-06,
            "max": 3.067908977366668e-05,
            "count": 13
        },
        "Paddle.Policy.Epsilon.mean": {
            "value": 0.10054253333333331,
            "min": 0.10054253333333331,
            "max": 0.11022633333333333,
            "count": 13
        },
        "Paddle.Policy.Epsilon.sum": {
            "value": 0.10054253333333331,
            "min": 0.10054253333333331,
            "max": 0.11022633333333333,
            "count": 13
        },
        "Paddle.Policy.Beta.mean": {
            "value": 1.537107999999995e-05,
            "min": 1.537107999999995e-05,
            "max": 0.00011124070000000003,
            "count": 13
        },
        "Paddle.Policy.Beta.sum": {
            "value": 1.537107999999995e-05,
            "min": 1.537107999999995e-05,
            "max": 0.00011124070000000003,
            "count": 13
        }
    },
    "metadata": {
        "timer_format_version": "0.1.0",
        "start_time_seconds": "1616989398",
        "python_version": "3.8.7 (tags/v3.8.7:6503f05, Dec 21 2020, 17:59:51) [MSC v.1928 64 bit (AMD64)]",
        "command_line_arguments": "C:\\Users\\willi\\AppData\\Local\\Programs\\Python\\Python38\\Scripts\\mlagents-learn config/trainer_config.yaml --run-id=Pong17 --resume",
        "mlagents_version": "0.25.0",
        "mlagents_envs_version": "0.25.0",
        "communication_protocol_version": "1.5.0",
        "pytorch_version": "1.7.0+cu110",
        "numpy_version": "1.18.5",
        "end_time_seconds": "1616990533"
    },
    "total": 1134.5373841,
    "count": 1,
    "self": 0.007840900000019246,
    "children": {
        "run_training.setup": {
            "total": 0.17416830000000005,
            "count": 1,
            "self": 0.17416830000000005
        },
        "TrainerController.start_learning": {
            "total": 1134.3553749,
            "count": 1,
            "self": 3.6874108000092747,
            "children": {
                "TrainerController._reset_env": {
                    "total": 9.186562,
                    "count": 1,
                    "self": 9.186562
                },
                "TrainerController.advance": {
                    "total": 1121.4117012999905,
                    "count": 165467,
                    "self": 1.783143199996175,
                    "children": {
                        "env_step": {
                            "total": 1119.6285580999943,
                            "count": 165467,
                            "self": 737.0682992999791,
                            "children": {
                                "SubprocessEnvManager._take_step": {
                                    "total": 380.571443900016,
                                    "count": 165467,
                                    "self": 10.360565400029145,
                                    "children": {
                                        "TorchPolicy.evaluate": {
                                            "total": 370.21087849998685,
                                            "count": 165467,
                                            "self": 141.20647330000588,
                                            "children": {
                                                "TorchPolicy.sample_actions": {
                                                    "total": 229.00440519998097,
                                                    "count": 165467,
                                                    "self": 229.00440519998097
                                                }
                                            }
                                        }
                                    }
                                },
                                "workers": {
                                    "total": 1.988814899999122,
                                    "count": 165467,
                                    "self": 0.0,
                                    "children": {
                                        "worker_root": {
                                            "total": 1121.4188113999783,
                                            "count": 165467,
                                            "is_parallel": true,
                                            "self": 542.3694930999867,
                                            "children": {
                                                "steps_from_proto": {
                                                    "total": 0.00024770000000096104,