{
    "name": "root",
    "metadata": {
        "timer_format_version": "0.1.0",
        "start_time_seconds": "1616952920",
        "python_version": "3.8.7 (tags/v3.8.7:6503f05, Dec 21 2020, 17:59:51) [MSC v.1928 64 bit (AMD64)]",
        "command_line_arguments": "C:\\Users\\willi\\AppData\\Local\\Programs\\Python\\Python38\\Scripts\\mlagents-learn config/trainer_config.yaml --run-id=Pong9",
        "mlagents_version": "0.25.0",
        "mlagents_envs_version": "0.25.0",
        "communication_protocol_version": "1.5.0",
        "pytorch_version": "1.7.0+cu110",
        "numpy_version": "1.18.5",
        "end_time_seconds": "1616952941"
    },
    "total": 21.2564344,
    "count": 1,
    "self": 0.007353800000000632,
    "children": {
        "run_training.setup": {
            "total": 0.16280590000000017,
            "count": 1,
            "self": 0.16280590000000017
        },
        "TrainerController.start_learning": {
            "total": 21.0862747,
            "count": 1,
            "self": 0.03330899999996362,
            "children": {
                "TrainerController._reset_env": {
                    "total": 8.9627268,
                    "count": 1,
                    "self": 8.9627268
                },
                "TrainerController.advance": {
                    "total": 11.950730100000039,
                    "count": 1584,
                    "self": 0.014081600000002581,
                    "children": {
                        "env_step": {
                            "total": 11.936648500000036,
                            "count": 1584,
                            "self": 7.426621200000174,
                            "children": {
                                "SubprocessEnvManager._take_step": {
                                    "total": 4.49320779999996,
                                    "count": 1584,
                                    "self": 0.09717249999988908,
                                    "children": {
                                        "TorchPolicy.evaluate": {
                                            "total": 4.3960353000000705,
                                            "count": 1584,
                                            "self": 1.3681259000001162,
                                            "children": {
                                                "TorchPolicy.sample_actions": {
                                                    "total": 3.0279093999999542,
                                                    "count": 1584,
                                                    "self": 3.0279093999999542
                                                }
                                            }
                                        }
                                    }
                                },
                                "workers": {
                                    "total": 0.01681949999990273,
                                    "count": 1583,
                                    "self": 0.0,
                                    "children": {
                                        "worker_root": {
                                            "total": 13.78953289999999,
                                            "count": 1583,
                                            "is_parallel": true,
                                            "self": 7.774278800000004,
                                            "children": {
                                                "steps_from_proto": {
                                                    "total": 0.0004254999999995235,
                                                    "count": 1,
                                                    "is_parallel": true,
                                                    "self": 0.0001215999999990558,
                                                    "children": {
                                                        "_process_rank_one_or_two_observation": {
                                                            "total": 0.0003039000000004677,
                                                            "count": 2,
                                                            "is_parallel": true,
                                                            "self": 0.0003039000000004677
                                                        }
                                                    }
                                                },
                                                "UnityEnvironment.step": {
                                                    "total": 6.014828599999987,
                                                    "count": 1583,
                                                    "is_parallel": true,
                                                    "self": 0.08495699999988027,
                                                    "children": {
                                                        "UnityEnvironment._generate_step_input": {
                                                            "total": 0.21502990000006506,
                                                            "count": 1583,
                                                            "is_parallel": true,
                                                            "self": 0.21502990000006506
                                                        },
                                                        "communicator.exchange": {
                                                            "total": 5.448130200000039,
                                                            "count": 1583,
                                                            "is_parallel": true,
                                                            "self": 5.448130200000039
                                                        },
                                                        "steps_from_proto": {
                                                            "total": 0.2667115000000031,
                                                            "count": 1583,
                                                            "is_parallel": true,
                                                            "self": 0.12992710000002283,
                                                            "children": {
                                                                "_process_rank_one_or_two_observation": {
                                                                    "total": 0.13678439999998027,
                                                                    "count": 3166,
                                                                    "is_parallel": true,
                                                                    "self": 0.13678439999998027
                                                                }
                                                            }
                                                        }
                                                    }
                                                }
                                            }
                                        }
                                    }
                                }
                            }
                        }
                    }
                },
                "trainer_threads": {
                    "total": 1.3299999999105694e-05,
                    "count": 1,
                    "self": 1.3299999999105694e-05,
                    "children": {
                        "thread_root": {
                            "total": 0.0,
                            "count": 0,
                            "is_parallel": true,
                            "self": 0.0,