{
    "name": "root",
    "metadata": {
        "timer_format_version": "0.1.0",
        "start_time_seconds": "1616954362",
        "python_version": "3.8.7 (tags/v3.8.7:6503f05, Dec 21 2020, 17:59:51) [MSC v.1928 64 bit (AMD64)]",
        "command_line_arguments": "C:\\Users\\willi\\AppData\\Local\\Programs\\Python\\Python38\\Scripts\\mlagents-learn config/trainer_config.yaml --run-id=Pong11",
        "mlagents_version": "0.25.0",
        "mlagents_envs_version": "0.25.0",
        "communication_protocol_version": "1.5.0",
        "pytorch_version": "1.7.0+cu110",
        "numpy_version": "1.18.5",
        "end_time_seconds": "1616954509"
    },
    "total": 147.05526369999998,
    "count": 1,
    "self": 0.0077815999999870655,
    "children": {
        "run_training.setup": {
            "total": 0.16242770000000006,
            "count": 1,
            "self": 0.16242770000000006
        },
        "TrainerController.start_learning": {
            "total": 146.8850544,
            "count": 1,
            "self": 0.4350101999991409,
            "children": {
                "TrainerController._reset_env": {
                    "total": 12.832104399999999,
                    "count": 1,
                    "self": 12.832104399999999
                },
                "TrainerController.advance": {
                    "total": 133.53030620000087,
                    "count": 21617,
                    "self": 0.20882630000042468,
                    "children": {
                        "env_step": {
                            "total": 133.32147990000044,
                            "count": 21617,
                            "self": 87.8081847000006,
                            "children": {
                                "SubprocessEnvManager._take_step": {
                                    "total": 45.276193500000275,
                                    "count": 21617,
                                    "self": 1.2487873999996921,
                                    "children": {
                                        "TorchPolicy.evaluate": {
                                            "total": 44.02740610000058,
                                            "count": 21617,
                                            "self": 18.006827400000205,
                                            "children": {
                                                "TorchPolicy.sample_actions": {
                                                    "total": 26.020578700000378,
                                                    "count": 21617,
                                                    "self": 26.020578700000378
                                                }
                                            }
                                        }
                                    }
                                },
                                "workers": {
                                    "total": 0.23710169999956676,
                                    "count": 21616,
                                    "self": 0.0,
                                    "children": {
                                        "worker_root": {
                                            "total": 134.56104190000124,
                                            "count": 21616,
                                            "is_parallel": true,
                                            "self": 65.8090544000006,
                                            "children": {
                                                "steps_from_proto": {
                                                    "total": 0.0002631999999991308,
                                                    "count": 1,
                                                    "is_parallel": true,
                                                    "self": 0.00010279999999696088,
                                                    "children": {
                                                        "_process_rank_one_or_two_observation": {
                                                            "total": 0.00016040000000216992,
                                                            "count": 2,
                                                            "is_parallel": true,
                                                            "self": 0.00016040000000216992
                                                        }
                                                    }
                                                },
                                                "UnityEnvironment.step": {
                                                    "total": 68.75172430000063,
                                                    "count": 21616,
                                                    "is_parallel": true,
                                                    "self": 1.1279838000029798,
                                                    "children": {
                                                        "UnityEnvironment._generate_step_input": {
                                                            "total": 2.767043199998998,
                                                            "count": 21616,
                                                            "is_parallel": true,
                                                            "self": 2.767043199998998
                                                        },
                                                        "communicator.exchange": {
                                                            "total": 61.25702859999839,
                                                            "count": 21616,
                                                            "is_parallel": true,
                                                            "self": 61.25702859999839
                                                        },
                                                        "steps_from_proto": {
                                                            "total": 3.5996687000002634,
                                                            "count": 21616,
                                                            "is_parallel": true,
                                                            "self": 1.7440034000005955,
                                                            "children": {
                                                                "_process_rank_one_or_two_observation": {
                                                                    "total": 1.855665299999668,
                                                                    "count": 43232,
                                                                    "is_parallel": true,
                                                                    "self": 1.855665299999668
                                                                }
                                                            }
                                                        }
                                                    }
                                                }
                                            }
                                        }
                                    }
                                }
                            }
                        }
                    }
                },
                "trainer_threads": {
                    "total": 2.910000000611035e-05,
                    "count": 1,
                    "self": 2.910000000611035e-05,
                    "children": {
                        "thread_root": {
                            "total": 0.0,
                            "count": 0,
                            "is_parallel": true,
                            "self": 0.0,