{
    "name": "root",
    "gauges": {
        "Paddle.Policy.Entropy.mean": {
            "value": 1.280601978302002,
            "min": 1.280601978302002,
            "max": 1.280601978302002,
            "count": 1
        },
        "Paddle.Policy.Entropy.sum": {
            "value": 3213.0302734375,
            "min": 3213.0302734375,
            "max": 3213.0302734375,
            "count": 1
        },
        "Paddle.Environment.EpisodeLength.mean": {
            "value": 108.08695652173913,
            "min": 108.08695652173913,
            "max": 108.08695652173913,
            "count": 1
        },
        "Paddle.Environment.EpisodeLength.sum": {
            "value": 2486.0,
            "min": 2486.0,
            "max": 2486.0,
            "count": 1
        },
        "Paddle.Policy.ExtrinsicValueEstimate.mean": {
            "value": 0.36400148272514343,
            "min": 0.36400148272514343,
            "max": 0.36400148272514343,
            "count": 1
        },
        "Paddle.Policy.ExtrinsicValueEstimate.sum": {
            "value": 8.00803279876709,
            "min": 8.00803279876709,
            "max": 8.00803279876709,
            "count": 1
        },
        "Paddle.Environment.CumulativeReward.mean": {
            "value": 0.5909090909090909,
            "min": 0.5909090909090909,
            "max": 0.5909090909090909,
            "count": 1
        },
        "Paddle.Environment.CumulativeReward.sum": {
            "value": 13.0,
            "min": 13.0,
            "max": 13.0,
            "count": 1
        },
        "Paddle.Policy.ExtrinsicReward.mean": {
            "value": 0.5909090909090909,
            "min": 0.5909090909090909,
            "max": 0.5909090909090909,
            "count": 1
        },
        "Paddle.Policy.ExtrinsicReward.sum": {
            "value": 13.0,
            "min": 13.0,
            "max": 13.0,
            "count": 1
        },
        "Paddle.IsTraining.mean": {
            "value": 1.0,
            "min": 1.0,
            "max": 1.0,
            "count": 1
        },
        "Paddle.IsTraining.sum": {
            "value": 1.0,
            "min": 1.0,
            "max": 1.0,
            "count": 1
        }
    },
    "metadata": {
        "timer_format_version": "0.1.0",
        "start_time_seconds": "1616978136",
        "python_version": "3.8.7 (tags/v3.8.7:6503f05, Dec 21 2020, 17:59:51) [MSC v.1928 64 bit (AMD64)]",
        "command_line_arguments": "C:\\Users\\willi\\AppData\\Local\\Programs\\Python\\Python38\\Scripts\\mlagents-learn config/trainer_config.yaml --run-id=Pong16 --resume",
        "mlagents_version": "0.25.0",
        "mlagents_envs_version": "0.25.0",
        "communication_protocol_version": "1.5.0",
        "pytorch_version": "1.7.0+cu110",
        "numpy_version": "1.18.5",
        "end_time_seconds": "1616978162"
    },
    "total": 25.8863098,
    "count": 1,
    "self": 0.005378900000000186,
    "children": {
        "run_training.setup": {
            "total": 0.1685998000000002,
            "count": 1,
            "self": 0.1685998000000002
        },
        "TrainerController.start_learning": {
            "total": 25.7123311,
            "count": 1,
            "self": 0.06803480000005635,
            "children": {
                "TrainerController._reset_env": {
                    "total": 6.4270346,
                    "count": 1,
                    "self": 6.4270346
                },
                "TrainerController.advance": {
                    "total": 19.131515799999946,
                    "count": 3117,
                    "self": 0.030206199999920358,
                    "children": {
                        "env_step": {
                            "total": 19.101309600000025,
                            "count": 3117,
                            "self": 12.340060000000038,
                            "children": {
                                "SubprocessEnvManager._take_step": {
                                    "total": 6.727612000000004,
                                    "count": 3117,
                                    "self": 0.17445340000002219,
                                    "children": {
                                        "TorchPolicy.evaluate": {
                                            "total": 6.553158599999982,
                                            "count": 3117,
                                            "self": 2.305833200000034,
                                            "children": {
                                                "TorchPolicy.sample_actions": {
                                                    "total": 4.247325399999948,
                                                    "count": 3117,
                                                    "self": 4.247325399999948
                                                }
                                            }
                                        }
                                    }
                                },
                                "workers": {
                                    "total": 0.033637599999982726,
                                    "count": 3116,
                                    "self": 0.0,
                                    "children": {
                                        "worker_root": {
                                            "total": 20.347637900000006,
                                            "count": 3116,
                                            "is_parallel": true,
                                            "self": 10.635240099999987,
                                            "children": {
                                                "steps_from_proto": {
                                                    "total": 0.00026079999999950587,
                                                    "count": 1,
                                                    "is_parallel": true,
                                                    "self": 0.00010419999999999874,
                                                    "children": {
                                                        "_process_rank_one_or_two_observation": {
                                                            "total": 0.00015659999999950713,
                                                            "count": 2,
                                                            "is_parallel": true,
                                                            "self": 0.00015659999999950713
                                                        }
                                                    }
                                                },
                                                "UnityEnvironment.step": {
                                                    "total": 9.71213700000002,
                                                    "count": 3116,
                                                    "is_parallel": true,
                                                    "self": 0.15582669999999865,
                                                    "children": {
                                                        "UnityEnvironment._generate_step_input": {
                                                            "total": 0.3887964999999953,
                                                            "count": 3116,
                                                            "is_parallel": true,
                                                            "self": 0.3887964999999953
                                                        },
                                                        "communicator.exchange": {
                                                            "total": 8.657244200000019,
                                                            "count": 3116,
                                                            "is_parallel": true,